"","lon","lat","address"
"1",-122.327304,47.607858,"909 9th avenue, seattle, wa 98104, usa"
"2",-122.311689,47.578265,"2810 16th avenue south, seattle, wa 98144, usa"
"3",-122.3123277,47.6014523,"1515 east yesler way, seattle, wa 98122, usa"
"4",-122.314026,47.571173,"1458 south columbian way, seattle, wa 98144, usa"
"5",-122.314307,47.584833,"2020 14th avenue south, seattle, wa 98144, usa"
"6",-122.303561,47.6009253,"209 22nd avenue south, seattle, wa 98144, usa"
"7",-122.314525,47.588318,"1702 14th avenue south, seattle, wa 98144, usa"
"8",-122.293122,47.574244,"3300 wetmore avenue south, seattle, wa 98144, usa"
"9",-122.314523,47.588705,"1544 14th avenue south, seattle, wa 98144, usa"
"10",-122.3247272,47.5998504,"651 south main street, seattle, wa 98104, usa"
"11",-122.315067,47.584123,"2111 14th avenue south, seattle, wa 98144, usa"
"12",-122.316905,47.590214,"1340 12th avenue south, seattle, wa 98144, usa"
"13",-122.300819,47.596399,"710 24th avenue south, seattle, wa 98144, usa"
"14",-122.3323012,47.602733,"606 2nd avenue, seattle, wa 98104, usa"
"15",-122.3259654,47.6055531,"804 james street, seattle, wa 98104, usa"
"16",-122.3258848,47.6016355,"609 yesler way, seattle, wa 98104, usa"
"17",-122.3324881,47.6051064,"317 marion street, seattle, wa 98104, usa"
"18",-122.3361893,47.6049041,"1000 1st avenue, seattle, wa 98104, usa"
"19",-122.295584,47.578592,"2810 south mcclellan street, seattle, wa 98144, usa"
"20",-122.316351,47.587649,"1723 13th avenue south, seattle, wa 98144, usa"
"21",-122.3017478,47.5889303,"2300 south massachusetts street, seattle, wa 98144, usa"
"22",-122.3129633,47.5899742,"1515 south atlantic street, seattle, wa 98144, usa"
"23",-122.295971,47.573008,"3315 claremont avenue south, seattle, wa 98144, usa"
"24",-122.316905,47.591379,"1201 12th avenue south, seattle, wa 98144, usa"
"25",-122.296223,47.593761,"922 28th avenue south, seattle, wa 98144, usa"
"26",-122.324873,47.605201,"517 9th avenue, seattle, wa 98104, usa"
"27",-122.287096,47.595916,"720 lakeside avenue south, seattle, wa 98144, usa"
"28",-122.3276027,47.6090867,"1018 9th avenue, seattle, wa 98104, usa"
"29",-122.313809,47.580241,"2523 15th avenue south, seattle, wa 98144, usa"
"30",-122.302926,47.592387,"1123 23rd avenue south, seattle, wa 98144, usa"
"31",-122.324134,47.597847,"519 7th avenue south, seattle, wa 98104, usa"
"32",-122.316902,47.587864,"1718 12th avenue south, seattle, wa 98144, usa"
"33",-122.329056,47.602563,"411 jefferson street, seattle, wa 98104, usa"
"34",-122.308895,47.5753259,"1746 south hanford street, seattle, wa 98144, usa"
"35",-122.3084577,47.5935499,"hiawatha place south, seattle, wa 98144, usa"
"36",-122.302965,47.600467,"2200 south main street, seattle, wa 98144, usa"
"37",-122.299009,47.600159,"301 26th avenue south, seattle, wa 98144, usa"
"38",-122.326696,47.606965,"814 columbia street, seattle, wa 98104, usa"
"39",-122.325983,47.599692,"306 6th avenue south, seattle, wa 98104, usa"
"40",-122.314523,47.588911,"1532 14th avenue south, seattle, wa 98144, usa"
"41",-122.317653,47.5892089,"1527 12th avenue south, seattle, wa 98144, usa"
"42",-122.3299473,47.6005054,"210 3rd avenue south, seattle, wa 98104, usa"
"43",-122.3100495,47.576386,"3019 beacon avenue south, seattle, wa 98144, usa"
"44",-122.3124888,47.5902071,"1550 south atlantic street, seattle, wa 98144, usa"
"45",-122.297811,47.599582,"325 martin luther king junior way south, seattle, wa 98144, usa"
"46",-122.3319816,47.5982635,"201 south king street, seattle, wa 98104, usa"
"47",-122.314131,47.571438,"1450 south columbian way, seattle, wa 98144, usa"
"48",-122.3337933,47.5995944,"314 1st avenue south, seattle, wa 98104, usa"
"49",-122.29622,47.593933,"918 28th avenue south, seattle, wa 98144, usa"
"50",-122.321873,47.605277,"415 boren avenue, seattle, wa 98104, usa"
"51",-122.3337094,47.6026437,"107 cherry street, seattle, wa 98104, usa"
"52",-122.2868913,47.5714264,"3651 south spokane street, seattle, wa 98144, usa"
"53",-122.3274923,47.5975336,"512 south weller street, seattle, wa 98104, usa"
"54",-122.3261541,47.601423,"100 6th avenue south, seattle, wa 98104, usa"
"55",-122.313744,47.586671,"1807 15th avenue south, seattle, wa 98144, usa"
"56",-122.3203433,47.5994436,"pacific rim center, 900 south jackson street, seattle, wa 98104, usa"
"57",-122.308236,47.5977249,"1814 south weller street, seattle, wa 98144, usa"
"58",-122.286617,47.597297,"518 lakeside avenue south, seattle, wa 98144, usa"
"59",-122.334614,47.59901,"401 1st avenue south, seattle, wa 98104, usa"
"60",-122.29584,47.580554,"2531 29th avenue south, seattle, wa 98144, usa"
"61",-122.299019,47.599763,"317 26th avenue south, seattle, wa 98144, usa"
"62",-122.295083,47.595293,"812 29th avenue south, seattle, wa 98144, usa"
"63",-122.3285872,47.5988705,"401 south jackson street, seattle, wa 98104, usa"
"64",-122.295102,47.594636,"836 29th avenue south, seattle, wa 98144, usa"
"65",-122.3339101,47.6034418,"719 2nd avenue, seattle, wa 98104, usa"
"66",-122.309713,47.59724,"1643 south weller street, seattle, wa 98144, usa"
"67",-122.3090778,47.5745149,"3219 beacon avenue south, seattle, wa 98144, usa"
"68",-122.315032,47.579063,"2711 14th avenue south, seattle, wa 98144, usa"
"69",-122.315144,47.571345,"3601 14th avenue south, seattle, wa 98144, usa"
"70",-122.3177295,47.5910402,"1311 12th avenue south, seattle, wa 98144, usa"
"71",-122.286554,47.597444,"510 lakeside avenue south, seattle, wa 98144, usa"
"72",-122.308664,47.574568,"3212 beacon avenue south, seattle, wa 98144, usa"
"73",-122.287948,47.5712812,"3610 36th avenue south, seattle, wa 98144, usa"
"74",-122.314394,47.572671,"3440 14th avenue south, seattle, wa 98144, usa"
"75",-122.313341,47.591122,"1313 16th avenue south, seattle, wa 98144, usa"
"76",-122.302926,47.592387,"1123 23rd avenue south, seattle, wa 98144, usa"
"77",-122.315632,47.587967,"1712 13th avenue south, seattle, wa 98144, usa"
"78",-122.322767,47.604647,"403 terry avenue, seattle, wa 98104, usa"
"79",-122.3264212,47.6095854,"1005 spring street, seattle, wa 98104, usa"
"80",-122.314216,47.581805,"2400 beacon avenue south, seattle, wa 98144, usa"
"81",-122.3151927,47.5886289,"1312 south massachusetts street, seattle, wa 98144, usa"
"82",-122.312683,47.580266,"2528 beacon avenue south, seattle, wa 98144, usa"
"83",-122.318269,47.588662,"1100 south massachusetts street, seattle, wa 98134, usa"
"84",-122.3096188,47.5754087,"3057 beacon avenue south, seattle, wa 98144, usa"
"85",-122.297446,47.593857,"924 martin luther king junior way south, seattle, wa 98144, usa"
"86",-122.305457,47.600249,"2010 south main street, seattle, wa 98144, usa"
"87",-122.297575,47.600577,"206 27th avenue south, seattle, wa 98144, usa"
"88",-122.314313,47.5862253,"1401 south holgate street, seattle, wa 98144, usa"
"89",-122.3270073,47.6051362,"600 7th avenue, seattle, wa 98104, usa"
"90",-122.295123,47.572971,"3320 claremont avenue south, seattle, wa 98144, usa"
"91",-122.2872101,47.599766,"3521 south leschi place, seattle, wa 98144, usa"
"92",-122.292298,47.601111,"110 31st avenue south, seattle, wa 98144, usa"
"93",-122.316472,47.585321,"1213 south plum street, seattle, wa 98144, usa"
"94",-122.315192,47.588911,"1535 14th avenue south, seattle, wa 98144, usa"
"95",-122.314276,47.578822,"2720 14th avenue south, seattle, wa 98144, usa"
"96",-122.316903,47.589142,"1526 12th avenue south, seattle, wa 98144, usa"
"97",-122.3241938,47.6105249,"1207 spring street, seattle, wa 98104, usa"
"98",-122.318269,47.588869,"1604 11th avenue south, seattle, wa 98134, usa"
"99",-122.297748,47.5872389,"1732 martin luther king junior way south, seattle, wa 98144, usa"
"100",-122.317656,47.588797,"1537 12th avenue south, seattle, wa 98144, usa"
"101",-122.2874752,47.573606,"3300 york road south, seattle, wa 98144, usa"
"102",-122.2907454,47.5704277,"3642 33rd avenue south, seattle, wa 98144, usa"
"103",-122.302553,47.596831,"539 23rd avenue south, seattle, wa 98144, usa"
"104",-122.30569,47.5768119,"3001 21st avenue south, seattle, wa 98144, usa"
"105",-122.31377,47.58683,"1801 15th avenue south, seattle, wa 98144, usa"
"106",-122.324418,47.60638,"915 cherry street, seattle, wa 98104, usa"
"107",-122.3137891,47.5828354,"1425 south college street, seattle, wa 98144, usa"
"108",-122.325261,47.6099729,"1105 spring street, seattle, wa 98104, usa"
"109",-122.327365,47.607216,"805 marion street, seattle, wa 98104, usa"
"110",-122.314239,47.590138,"1347 15th avenue south, seattle, wa 98144, usa"
"111",-122.3026567,47.5974169,"501 23rd avenue south, seattle, wa 98144, usa"
"112",-122.3137,47.590733,"1326 15th avenue south, seattle, wa 98144, usa"
"113",-122.314283,47.578985,"2718 14th avenue south, seattle, wa 98144, usa"
"114",-122.314115,47.589593,"1511 15th avenue south, seattle, wa 98144, usa"
"115",-122.298289,47.595023,"2611 south dearborn street, seattle, wa 98144, usa"
"116",-122.3039976,47.6004807,"2100 south main street, seattle, wa 98144, usa"
"117",-122.314298,47.585821,"1914 14th avenue south, seattle, wa 98144, usa"
"118",-122.310367,47.576694,"1705 south stevens street, seattle, wa 98144, usa"
"119",-122.325433,47.599527,"315 maynard avenue south, seattle, wa 98104, usa"
"120",-122.296194,47.594814,"830 28th avenue south, seattle, wa 98144, usa"
"121",-122.3130442,47.5881741,"1709 16th avenue south, seattle, wa 98144, usa"
"122",-122.3299421,47.6013442,"101 prefontaine place south, seattle, wa 98104, usa"
"123",-122.317655,47.588594,"1545 12th avenue south, seattle, wa 98144, usa"
"124",-122.315167,47.591245,"1307 14th avenue south, seattle, wa 98144, usa"
"125",-122.3099819,47.573896,"1727 south horton street, seattle, wa 98144, usa"
"126",-122.316902,47.587727,"1722 12th avenue south, seattle, wa 98144, usa"
"127",-122.335067,47.5999602,"75 south main street, seattle, wa 98104, usa"
"128",-122.309244,47.57387,"3301 beacon avenue south, seattle, wa 98144, usa"
"129",-122.325965,47.600367,"202 6th avenue south, seattle, wa 98104, usa"
"130",-122.304635,47.599764,"2035 south main street, seattle, wa 98144, usa"
"131",-122.28586,47.599264,"334 lakeside avenue south, seattle, wa 98144, usa"
"132",-122.3025452,47.600935,"113 23rd avenue south, seattle, wa 98144, usa"
"133",-122.316351,47.58652,"1815 13th avenue south, seattle, wa 98144, usa"
"134",-122.314251,47.579695,"1406 south lander street, seattle, wa 98144, usa"
"135",-122.31452,47.589593,"1510 14th avenue south, seattle, wa 98144, usa"
"136",-122.3244103,47.5972612,"657 south weller street, seattle, wa 98104, usa"
"137",-122.3345306,47.6012754,"111 1st avenue south, seattle, wa 98104, usa"
"138",-122.2868315,47.5969589,"526 lakeside avenue south, seattle, wa 98144, usa"
"139",-122.315429,47.588207,"1311 south massachusetts street, seattle, wa 98144, usa"
"140",-122.314308,47.5719459,"1414 south columbian way, seattle, wa 98144, usa"
"141",-122.311107,47.587067,"1775 17th avenue south, seattle, wa 98144, usa"
"142",-122.3101679,47.5765754,"3013 beacon avenue south, seattle, wa 98144, usa"
"143",-122.29417,47.599012,"403 30th avenue south, seattle, wa 98144, usa"
"144",-122.295088,47.595129,"818 29th avenue south, seattle, wa 98144, usa"
"145",-122.3078745,47.594745,"842 davis place south, seattle, wa 98144, usa"
"146",-122.300313,47.59715,"531 25th avenue south, seattle, wa 98144, usa"
"147",-122.3337071,47.5975638,"526 1st avenue south, seattle, wa 98104, usa"
"148",-122.3130541,47.5883137,"1701 16th avenue south, seattle, wa 98144, usa"
"149",-122.315188,47.589548,"1511 14th avenue south, seattle, wa 98144, usa"
"150",-122.315177,47.572037,"3501 14th avenue south, seattle, wa 98144, usa"
"151",-122.324918,47.606219,"905 cherry street, seattle, wa 98104, usa"
"152",-122.3284,47.607383,"901 8th avenue, seattle, wa 98104, usa"
"153",-122.317657,47.587044,"1745 12th avenue south, seattle, wa 98144, usa"
"154",-122.286043,47.598824,"400 lakeside avenue south, seattle, wa 98144, usa"
"155",-122.316363,47.585115,"2011 13th avenue south, seattle, wa 98144, usa"
"156",-122.2881176,47.5735357,"3301 york road south, seattle, wa 98144, usa"
"157",-122.316903,47.589416,"1516 12th avenue south, seattle, wa 98144, usa"
"158",-122.3252153,47.6048064,"800 jefferson street, seattle, wa 98104, usa"
"159",-122.3084778,47.5739107,"1749 south horton street, seattle, wa 98144, usa"
"160",-122.316901,47.588139,"1700 12th avenue south, seattle, wa 98144, usa"
"161",-122.312317,47.5882099,"1706 16th avenue south, seattle, wa 98144, usa"
"162",-122.323695,47.610628,"1223 spring street, seattle, wa 98104, usa"
"163",-122.286561,47.599768,"317 lakeside avenue south, seattle, wa 98144, usa"
"164",-122.3346989,47.5993681,"80 south jackson street, seattle, wa 98104, usa"
"165",-122.32282,47.610994,"1301 spring street, seattle, wa 98104, usa"
"166",-122.3151787,47.5914215,"1313 south judkins street, seattle, wa 98144, usa"
"167",-122.315621,47.590283,"1340 13th avenue south, seattle, wa 98144, usa"
"168",-122.294709,47.598299,"2900 south king street, seattle, wa 98144, usa"
"169",-122.32726,47.601358,"108 5th avenue south, seattle, wa 98104, usa"
"170",-122.3311385,47.6012145,"410 2nd avenue extension south, seattle, wa 98104, usa"
"171",-122.322391,47.6105696,"1314 madison street, seattle, wa 98104, usa"
"172",-122.293699,47.571914,"3435 rainier avenue south, seattle, wa 98144, usa"
"173",-122.3287206,47.5997926,"308 4th avenue south, seattle, wa 98104, usa"
"174",-122.2958015,47.5924416,"1129 29th avenue south, seattle, wa 98144, usa"
"175",-122.3031083,47.5922834,"1121 23rd avenue south, seattle, wa 98144, usa"
"176",-122.2994866,47.5982469,"2508 south king street, seattle, wa 98144, usa"
"177",-122.295628,47.587995,"1706 bradner place south, seattle, wa 98144, usa"
"178",-122.329894,47.600704,"204 3rd avenue south, seattle, wa 98104, usa"
"179",-122.288611,47.569972,"3656 35th avenue south, seattle, wa 98144, usa"
"180",-122.3354939,47.6003248,"212 alaskan way south, seattle, wa 98104, usa"
"181",-122.324819,47.610158,"1017 minor avenue, seattle, wa 98104, usa"
"182",-122.28549,47.599835,"300 lakeside avenue south, seattle, wa 98144, usa"
"183",-122.321692,47.604371,"1005 terrace street, seattle, wa 98104, usa"
"184",-122.2881716,47.5781879,"3601 south mcclellan street, seattle, wa 98144, usa"
"185",-122.3258135,47.5963039,"718 6th avenue south, seattle, wa 98104, usa"
"186",-122.314294,47.580523,"2512 14th avenue south, seattle, wa 98144, usa"
"187",-122.31367,47.600427,"1400 south main street, seattle, wa 98144, usa"
"188",-122.312063,47.59073,"1329 sturgus avenue south, seattle, wa 98144, usa"
"189",-122.3097458,47.5948003,"843 hiawatha place south, seattle, wa 98144, usa"
"190",-122.323307,47.606844,"615 boren avenue, seattle, wa 98104, usa"
"191",-122.301896,47.594157,"910 23rd avenue south, seattle, wa 98144, usa"
"192",-122.3136918,47.5711416,"3615 15th avenue south, seattle, wa 98144, usa"
"193",-122.295866,47.573797,"2900 south byron street, seattle, wa 98144, usa"
"194",-122.29757,47.600714,"200 27th avenue south, seattle, wa 98144, usa"
"195",-122.3169056,47.59124,"1308 12th avenue south, seattle, wa 98144, usa"
"196",-122.314442,47.590833,"1320 14th avenue south, seattle, wa 98144, usa"
"197",-122.287349,47.596534,"534 lakeside avenue south, seattle, wa 98144, usa"
"198",-122.3380234,47.6043067,"1009 western avenue, seattle, wa 98104, usa"
"199",-122.3188907,47.5970362,"1011 south weller street, seattle, wa 98104, usa"
"200",-122.314517,47.591076,"1312 14th avenue south, seattle, wa 98144, usa"
"201",-122.295797,47.572779,"3321 claremont avenue south, seattle, wa 98144, usa"
"202",-122.3163748,47.5912426,"1309 13th avenue south, seattle, wa 98144, usa"
"203",-122.31635,47.587924,"1711 13th avenue south, seattle, wa 98144, usa"
"204",-122.304675,47.600248,"2034 south main street, seattle, wa 98144, usa"
"205",-122.316902,47.58759,"1728 12th avenue south, seattle, wa 98144, usa"
"206",-122.3361893,47.6049041,"1000 1st avenue, seattle, wa 98104, usa"
"207",-122.313852,47.569167,"1499 south columbian way, seattle, wa 98144, usa"
"208",-122.300233,47.599832,"323 25th avenue south, seattle, wa 98144, usa"
"209",-122.2941752,47.5939772,"917 yakima place south, seattle, wa 98144, usa"
"210",-122.3086146,47.5942039,"908 hiawatha place south, seattle, wa 98144, usa"
"211",-122.297835,47.598774,"415 martin luther king junior way south, seattle, wa 98144, usa"
"212",-122.311972,47.590625,"1331 sturgus avenue south, seattle, wa 98144, usa"
"213",-122.3252591,47.6090406,"909 boren avenue, seattle, wa 98104, usa"
"214",-122.296203,47.572499,"3430 renton place south, seattle, wa 98144, usa"
"215",-122.294175,47.599368,"333 30th avenue south, seattle, wa 98144, usa"
"216",-122.318601,47.589523,"1111 south atlantic street, seattle, wa 98134, usa"
"217",-122.3320743,47.6031728,"619 3rd avenue, seattle, wa 98104, usa"
"218",-122.29927,47.601126,"115 26th avenue south, seattle, wa 98144, usa"
"219",-122.3332218,47.5989844,"123 south jackson street, seattle, wa 98104, usa"
"220",-122.318123,47.5881169,"1702 11th avenue south, seattle, wa 98134, usa"
"221",-122.3225801,47.6096859,"1229 madison street, seattle, wa 98104, usa"
"222",-122.3093842,47.5956768,"800 hiawatha place south, seattle, wa 98144, usa"
"223",-122.3176581,47.5898131,"1115 south atlantic street, seattle, wa 98134, usa"
"224",-122.3139085,47.5831375,"1414 south college street, seattle, wa 98144, usa"
"225",-122.285731,47.599457,"324 lakeside avenue south, seattle, wa 98144, usa"
"226",-122.3243994,47.5994362,"664 south jackson street, seattle, wa 98104, usa"
"227",-122.303442,47.6013469,"104 22nd avenue south, seattle, wa 98144, usa"
"228",-122.327138,47.605842,"718 cherry street, seattle, wa 98104, usa"
"229",-122.299535,47.598771,"412 25th avenue south, seattle, wa 98144, usa"
"230",-122.322471,47.60522,"420 terry avenue, seattle, wa 98104, usa"
"231",-122.295859,47.599871,"312 28th avenue south, seattle, wa 98144, usa"
"232",-122.3150828,47.5820122,"2366 beacon avenue south, seattle, wa 98144, usa"
"233",-122.3156383,47.581614,"2410 13th avenue south, seattle, wa 98144, usa"
"234",-122.3182127,47.5903384,"1100 south atlantic street, seattle, wa 98134, usa"
"235",-122.3250761,47.5989348,"400 maynard avenue south, seattle, wa 98104, usa"
"236",-122.292857,47.589284,"1501 31st avenue south, seattle, wa 98144, usa"
"237",-122.316404,47.579904,"2539 13th avenue south, seattle, wa 98144, usa"
"238",-122.313974,47.569592,"1493 south columbian way, seattle, wa 98144, usa"
"239",-122.3131415,47.5812976,"2356 15th avenue south, seattle, wa 98144, usa"
"240",-122.3124273,47.5798638,"2544 beacon avenue south, seattle, wa 98144, usa"
"241",-122.3024831,47.6001427,"301 23rd avenue south, seattle, wa 98144, usa"
"242",-122.3156275,47.5984538,"1234 south king street, seattle, wa 98144, usa"
"243",-122.3169375,47.5827025,"2306 12th avenue south, seattle, wa 98144, usa"
"244",-122.298423,47.600646,"2611 south washington street, seattle, wa 98144, usa"
"245",-122.297282,47.586759,"1801 28th avenue south, seattle, wa 98144, usa"
"246",-122.316902,47.589005,"1532 12th avenue south, seattle, wa 98144, usa"
"247",-122.315619,47.591244,"1308 13th avenue south, seattle, wa 98144, usa"
"248",-122.327957,47.607859,"910 8th avenue, seattle, wa 98104, usa"
"249",-122.314375,47.579882,"2530 14th avenue south, seattle, wa 98144, usa"
"250",-122.313792,47.591098,"1312 15th avenue south, seattle, wa 98144, usa"
"251",-122.3347095,47.6019962,"606 post avenue, seattle, wa 98104, usa"
"252",-122.313749,47.586235,"1417 south holgate street, seattle, wa 98144, usa"
"253",-122.314394,47.572324,"1410 south columbian way, seattle, wa 98144, usa"
"254",-122.316905,47.590488,"1330 12th avenue south, seattle, wa 98144, usa"
"255",-122.2975618,47.5927948,"2700 south elmwood place, seattle, wa 98144, usa"
"256",-122.3226812,47.5962846,"701 8th avenue south, seattle, wa 98104, usa"
"257",-122.295126,47.593813,"918 29th avenue south, seattle, wa 98144, usa"
"258",-122.3143763,47.5807854,"1405 south bayview street, seattle, wa 98144, usa"
"259",-122.313781,47.581902,"2335 15th avenue south, seattle, wa 98144, usa"
"260",-122.3348822,47.6019341,"611 post avenue, seattle, wa 98104, usa"
"261",-122.308763,47.574895,"1741 south hanford street, seattle, wa 98144, usa"
"262",-122.313412,47.587271,"1760 15th avenue south, seattle, wa 98144, usa"
"263",-122.322215,47.6049409,"404 terry avenue, seattle, wa 98104, usa"
"264",-122.286672,47.597173,"522 lakeside avenue south, seattle, wa 98144, usa"
"265",-122.307931,47.572161,"3434 beacon avenue south, seattle, wa 98144, usa"
"266",-122.308703,47.594912,"1746 south charles street, seattle, wa 98144, usa"
"267",-122.286132,47.59856,"414 lakeside avenue south, seattle, wa 98144, usa"
"268",-122.310754,47.596392,"1617 south lane street, seattle, wa 98144, usa"
"269",-122.311292,47.587207,"1775-1/2 17th avenue south, seattle, wa 98144, usa"
"270",-122.2871146,47.5998549,"3512 south leschi place, seattle, wa 98144, usa"
"271",-122.3246171,47.598162,"657 south king street, seattle, wa 98104, usa"
"272",-122.2916608,47.573152,"3333 gale place south, seattle, wa 98144, usa"
"273",-122.311689,47.578265,"2810 16th avenue south, seattle, wa 98144, usa"
"274",-122.323989,47.5969833,"668 south lane street, seattle, wa 98104, usa"
"275",-122.307098,47.598574,"1842 south king street, seattle, wa 98144, usa"
"276",-122.29562,47.5708684,"3630 renton avenue south, seattle, wa 98144, usa"
"277",-122.300799,47.597158,"528 24th avenue south, seattle, wa 98144, usa"
"278",-122.3255479,47.5972296,"607 maynard avenue south, seattle, wa 98104, usa"
"279",-122.3126635,47.5801516,"2532 beacon avenue south, seattle, wa 98144, usa"
"280",-122.3270876,47.6093288,"1019 terry avenue, seattle, wa 98104, usa"
"281",-122.2925242,47.5751847,"3208 mcclintock avenue south, seattle, wa 98144, usa"
"282",-122.308475,47.597238,"1809 south weller street, seattle, wa 98144, usa"
"283",-122.312857,47.580454,"2522 beacon avenue south, seattle, wa 98144, usa"
"284",-122.3107051,47.5977289,"1600 south weller street, seattle, wa 98144, usa"
"285",-122.3002918,47.5844938,"2100 25th avenue south, seattle, wa 98144, usa"
"286",-122.316229,47.5853208,"2005 13th avenue south, seattle, wa 98144, usa"
"287",-122.297757,47.586537,"2700 south holgate street, seattle, wa 98144, usa"
"288",-122.3338648,47.5995127,"316 1st avenue south, seattle, wa 98104, usa"
"289",-122.291608,47.601008,"117 32nd avenue south, seattle, wa 98144, usa"
"290",-122.300719,47.583154,"2468 south college street, seattle, wa 98144, usa"
"291",-122.3228785,47.6075258,"1106 cherry street, seattle, wa 98104, usa"
"292",-122.308253,47.5732209,"3326 beacon avenue south, seattle, wa 98144, usa"
"293",-122.313775,47.582697,"2307 15th avenue south, seattle, wa 98144, usa"
"294",-122.3146367,47.5919302,"1120 14th avenue south, seattle, wa 98144, usa"
"295",-122.3146123,47.5901334,"1348 14th avenue south, seattle, wa 98144, usa"
"296",-122.3136511,47.5702806,"3641 15th avenue south, seattle, wa 98144, usa"
"297",-122.303012,47.587887,"1701 23rd avenue south, seattle, wa 98144, usa"
"298",-122.315621,47.59042,"1334 13th avenue south, seattle, wa 98144, usa"
"299",-122.2873269,47.5735007,"3608 york road south, seattle, wa 98144, usa"
"300",-122.324629,47.605904,"600 9th avenue, seattle, wa 98104, usa"
"301",-122.3143468,47.5838408,"2122 14th avenue south, seattle, wa 98144, usa"
"302",-122.3087531,47.5964902,"1801 south lane street, seattle, wa 98144, usa"
"303",-122.326489,47.607051,"801 9th avenue, seattle, wa 98104, usa"
"304",-122.30913,47.576136,"3026 beacon avenue south, seattle, wa 98144, usa"
"305",-122.32599,47.598014,"510 6th avenue south, seattle, wa 98104, usa"
"306",-122.300997,47.583168,"2464 south college street, seattle, wa 98144, usa"
"307",-122.293265,47.588628,"1524 30th avenue south, seattle, wa 98144, usa"
"308",-122.327176,47.607718,"903 9th avenue, seattle, wa 98104, usa"
"309",-122.310217,47.5892989,"1516 17th avenue south, seattle, wa 98144, usa"
"310",-122.317656,47.587421,"1729 12th avenue south, seattle, wa 98144, usa"
"311",-122.317653,47.589538,"1515 12th avenue south, seattle, wa 98144, usa"
"312",-122.3273487,47.6007281,"200 5th avenue south, seattle, wa 98104, usa"
"313",-122.314499,47.591322,"1300 14th avenue south, seattle, wa 98144, usa"
"314",-122.294706,47.594301,"901 yakima avenue south, seattle, wa 98144, usa"
"315",-122.316905,47.5909679,"1316 12th avenue south, seattle, wa 98144, usa"
"316",-122.302964,47.599854,"308 22nd avenue south, seattle, wa 98144, usa"
"317",-122.322854,47.60566,"504 terry avenue, seattle, wa 98104, usa"
"318",-122.315191,47.58909,"1527 14th avenue south, seattle, wa 98144, usa"
"319",-122.313947,47.56936,"1495 south columbian way, seattle, wa 98144, usa"
"320",-122.292979,47.572165,"3430 rainier avenue south, seattle, wa 98144, usa"
"321",-122.302964,47.600126,"2201 south main street, seattle, wa 98144, usa"
"322",-122.316351,47.586685,"1807 13th avenue south, seattle, wa 98144, usa"
"323",-122.295799,47.592864,"1113 29th avenue south, seattle, wa 98144, usa"
"324",-122.2975225,47.5714592,"2701 south walden street, seattle, wa 98144, usa"
"325",-122.3210263,47.6068424,"1203 james street, seattle, wa 98104, usa"
"326",-122.302984,47.5991202,"2201 south jackson street, seattle, wa 98144, usa"
"327",-122.316417,47.580795,"2501 13th avenue south, seattle, wa 98144, usa"
"328",-122.3197974,47.5994192,"pacific rim center, 321 10th avenue south, seattle, wa 98104, usa"
"329",-122.308778,47.57211,"1756 south spokane street, seattle, wa 98144, usa"
"330",-122.3137052,47.5705469,"1484 south columbian way, seattle, wa 98144, usa"
"331",-122.302035,47.581694,"2345 24th avenue south, seattle, wa 98144, usa"
"332",-122.315182,47.580247,"2525 14th avenue south, seattle, wa 98144, usa"
"333",-122.2982702,47.596912,"2608 south lane street, seattle, wa 98144, usa"
"334",-122.3267888,47.6074644,"821 9th avenue, seattle, wa 98104, usa"
"335",-122.296604,47.5986339,"417 28th avenue south, seattle, wa 98144, usa"
"336",-122.316349,47.588207,"1701 13th avenue south, seattle, wa 98144, usa"
"337",-122.313765,47.590972,"1318 15th avenue south, seattle, wa 98144, usa"
"338",-122.3277513,47.5959027,"909 5th avenue south, seattle, wa 98104, usa"
"339",-122.327655,47.6080565,"823 madison street, seattle, wa 98104, usa"
"340",-122.315081,47.58229,"2321 14th avenue south, seattle, wa 98144, usa"
"341",-122.316902,47.586687,"1808 12th avenue south, seattle, wa 98144, usa"
"342",-122.30657,47.587458,"1757 20th avenue south, seattle, wa 98144, usa"
"343",-122.2995,47.59473,"2510 south charles street, seattle, wa 98144, usa"
"344",-122.3156397,47.5814748,"2414 13th avenue south, seattle, wa 98144, usa"
"345",-122.296181,47.594978,"824 28th avenue south, seattle, wa 98144, usa"
"346",-122.3035952,47.6005672,"219 22nd avenue south, seattle, wa 98144, usa"
"347",-122.314519,47.589843,"1502 14th avenue south, seattle, wa 98144, usa"
"348",-122.29184,47.571027,"3700 rainier avenue south, seattle, wa 98144, usa"
"349",-122.326575,47.6058906,"710 8th avenue, seattle, wa 98104, usa"
"350",-122.314327,47.580243,"2522 14th avenue south, seattle, wa 98144, usa"
"351",-122.297409,47.573814,"3304 27th avenue south, seattle, wa 98144, usa"
"352",-122.314519,47.589719,"1506 14th avenue south, seattle, wa 98144, usa"
"353",-122.3025008,47.5983426,"425 23rd avenue south, seattle, wa 98144, usa"
"354",-122.313757,47.579693,"2541 15th avenue south, seattle, wa 98144, usa"
"355",-122.310223,47.588662,"1546 17th avenue south, seattle, wa 98144, usa"
"356",-122.296174,47.573274,"2805 south byron street, seattle, wa 98144, usa"
"357",-122.311264,47.600247,"1600 south main street, seattle, wa 98144, usa"
"358",-122.330495,47.606314,"901 6th avenue, seattle, wa 98104, usa"
"359",-122.330631,47.6015177,"223 yesler way, seattle, wa 98104, usa"
"360",-122.294056,47.6006069,"201 30th avenue south, seattle, wa 98144, usa"
"361",-122.3099898,47.5952526,"827 hiawatha place south, seattle, wa 98144, usa"
"362",-122.323155,47.604999,"423 terry avenue, seattle, wa 98104, usa"
"363",-122.3284282,47.6084393,"1000 8th avenue, seattle, wa 98104, usa"
"364",-122.309815,47.588988,"1533 18th avenue south, seattle, wa 98144, usa"
"365",-122.316982,47.588662,"1550 12th avenue south, seattle, wa 98144, usa"
"366",-122.325704,47.6007004,"601 south washington street, seattle, wa 98104, usa"
"367",-122.302546,47.595007,"815 23rd avenue south, seattle, wa 98144, usa"
"368",-122.2950633,47.5933564,"932 29th avenue south, seattle, wa 98144, usa"
"369",-122.3125833,47.5985846,"1414 south king street, seattle, wa 98144, usa"
"370",-122.3093914,47.5741862,"1736 south horton street, seattle, wa 98144, usa"
"371",-122.315069,47.583849,"2121 14th avenue south, seattle, wa 98144, usa"
"372",-122.287045,47.596112,"714 lakeside avenue south, seattle, wa 98144, usa"
"373",-122.3267417,47.6002045,"520 south main street, seattle, wa 98104, usa"
"374",-122.2983118,47.6010199,"2612 south washington street, seattle, wa 98144, usa"
"375",-122.305457,47.600249,"2010 south main street, seattle, wa 98144, usa"
"376",-122.293267,47.588292,"1540 30th avenue south, seattle, wa 98144, usa"
"377",-122.327812,47.6058414,"714 7th avenue, seattle, wa 98104, usa"
"378",-122.2948197,47.5989916,"2901 south jackson street, seattle, wa 98144, usa"
"379",-122.3248581,47.598609,"420 maynard avenue south, seattle, wa 98104, usa"
"380",-122.3156057,47.582097,"2350 beacon avenue south, seattle, wa 98144, usa"
"381",-122.317657,47.587181,"1741 12th avenue south, seattle, wa 98144, usa"
"382",-122.316353,47.58969,"1505 13th avenue south, seattle, wa 98144, usa"
"383",-122.315626,47.589485,"1510 13th avenue south, seattle, wa 98144, usa"
"384",-122.3129363,47.5879855,"1715 16th avenue south, seattle, wa 98144, usa"
"385",-122.295483,47.574254,"3221 rainier avenue south, seattle, wa 98144, usa"
"386",-122.307908,47.598574,"1822 south king street, seattle, wa 98144, usa"
"387",-122.326588,47.608044,"910 marion street, seattle, wa 98104, usa"
"388",-122.31635,47.586849,"1803 13th avenue south, seattle, wa 98144, usa"
"389",-122.3012423,47.5846299,"2400 south hill street, seattle, wa 98144, usa"
"390",-122.309442,47.600419,"221 18th avenue south, seattle, wa 98144, usa"
"391",-122.313783,47.581703,"2343 15th avenue south, seattle, wa 98144, usa"
"392",-122.307991,47.572358,"3424 beacon avenue south, seattle, wa 98144, usa"
"393",-122.300308,47.597316,"525 25th avenue south, seattle, wa 98144, usa"
"394",-122.314122,47.587424,"1755 15th avenue south, seattle, wa 98144, usa"
"395",-122.314264,47.590278,"1343 15th avenue south, seattle, wa 98144, usa"
"396",-122.310219,47.589093,"1532 17th avenue south, seattle, wa 98144, usa"
